You canâ€™t expect somebody who donâ€™t keep it real with themselves to keep it a ğŸ’¯ with you or anybody else had to learn that the hard way ğŸ’¯ğŸ’¯,Keep it simple as black and white and ppl will show their true colors every time ğŸ’¯,Donâ€™t act like you fuck wit me.. if you really donâ€™t keep it that way simple ğŸ’¯,ğŸ’¯ Why we need to kill the filibuster and why McConnell is fighting so hard to keep it. https://t.co/8dUsbHhhiu,Just be yourself and always keep it ğŸ’¯,ğŸ¤£ This is by far the classiest yet deep in the fillers own I think Iâ€™ve ever seen! Way to go @tedcruz ğŸ‘ğŸ»ğŸ‘ğŸ»ğŸ‘ğŸ» ğŸ’¯ğŸ‡ºğŸ‡¸ğŸ’ªğŸ» https://t.co/NoMPN4v6lt,I think I deserve my man stimulus check ğŸ¤ªğŸ’¯,British Lovers high quality.... Iâ€™m on my way ğŸ’¯ğŸ˜Š https://t.co/zERtXG8EuK,Put some respect on this man nameğŸ˜¤ğŸ˜¤ğŸ’¯ https://t.co/N0Nv2JWaHq,Rubi Rose is so pretty to me ğŸ’¯ğŸ˜© I seen that video of the install from @iamslayyobae â˜ºï¸ @RubixxRose,Goddamn images speak volume dont they? ğŸ’¯ğŸ’¯ğŸ’¯ğŸ¤·ğŸ¿â€â™‚ï¸âœ”ğŸ’¯âœŠğŸ¿ğŸ‘ğŸ¾ https://t.co/0NkSvXmDb8,ğŸ’¯ agree with this ğŸ‘‡ https://t.co/zo0PcGb1Bl,Love talkin to my ma.. She really my best friend ğŸ’¯ğŸ¤ğŸ¾,My mouth is so fast and slick I got bants for U all night plz believe mums side of the family only speak in sarcasm so try me ğŸ’¯ğŸ˜Š,Ion know how to feel about this ğŸ˜‚ NLG with another WğŸ’¯ https://t.co/DoGnImSr4Y,Daddy I need a rack literally next day nigga I donâ€™t have time for you ğŸ’¯,"Let me clear the air
I am 215 
6â€™1 ğŸ˜‚ 
I will be getting to 205 by next football season ğŸ’¯",Today I seen how a mf truly felt about me &amp; Iâ€™ll never forget it ğŸ’¯ğŸ’ªğŸ¾,"I need my airpods to be so loud I can only hear the beat, I can make my own lyrics up bitchğŸ¤£ğŸ’¯ I wanna be deaf when I turn my shit off onğŸ…¿ï¸","My life be changing, I know some yâ€™all be big mad ğŸ¥´ğŸ¤¯
YDKIğŸ’¯",Adam and Eve wore nada so today's women can wear @Janore_brand ğŸ’¯ğŸ‘ğŸ¾ğŸ‘ğŸ¾ğŸ‘ğŸ¾ https://t.co/dXHzrlCQDy,Quality time ğŸ’¯ https://t.co/05XeHYxDoL,Iâ€™ll never let a Mf see me sweat ğŸ˜ŒğŸ’¯,my money is on EmmanuelğŸ’¯â­ğŸ‘Œâ¤#TheNextTVStar,"""The Ridgeâ€ (or @RidgeCatawba) has 3 BIGTIMEğŸ’¯ athletes now named on @nc_hsfb ""ATHLETE SPOTLIGHTâ€! With multiple offers and interests...Is there any team out there that has some athletes needing there opportunity of a spotlight ğŸ‘€...DM me now!!!ğŸˆ#FridayNightsinCarolina https://t.co/tHRuY10MeS",The plans I have in play for my future is what keeps me going everyday ğŸ¤ğŸ½ğŸ“ˆğŸ¤‘ğŸ’¯,I got a feeling tonight gonna be a good night ğŸ˜‚ğŸ’¯,Be light ğŸ’¡ for all to see they seeing my light in bedstuy brooklyn ğŸ™ğŸ’¯ğŸ’ƒğŸ’ƒğŸ’ƒIâ€™m watch mask ğŸ˜· tonight jim Carrey https://t.co/DHbQt3nxja,ğŸ’¯% agree pump it to Fkn 50$+ https://t.co/EkStWJHb2S,"My fathers side of the family are really involved in Ghanian politics, (according to my father at least) my grandfather was good friends with Kwame Nkrumah ğŸ˜ğŸ’¯","What. A. Moment. ğŸ‘Œ

@DJEZOfficial with a special remix from the legend that is @toddedwards3000. ğŸ‘ğŸ’¯

@petetong x @julesbuckley x @BeckyHill
 
#StayHomeWithDJEZ https://t.co/0pjM3qJden","Iont like people explaining they self too me, you know what you did &amp; itâ€™s understood ğŸ’¯",Fuck that!! Am stay home tonight ğŸ’¯ğŸ’¯,"Nice lil hangout with my daughter today,makes my day hanging out with my favorite person in this whole entire world ğŸ™ğŸ’¯ğŸ’¯ğŸ’¯ğŸ’¯ğŸ’¯",same niggas in yo corner be the ones to get you killedğŸ’¯,I got fans Iâ€™m just infamous .. so they come around stalkin to steal game and send hate my real way ğŸ¯ğŸ’¯ğŸ’ªğŸ¾,Best time to listen to #AyraStarrEP ğŸ’¯ğŸŒ¶ğŸŒ¶ mad entry with away chai ğŸ” jazzy canâ€™t go wrong sha @DONJAZZY,Being real to em will get u stepped on that real shit only for my A1 day 1â€™s ğŸ’¯,Boys wait for other people ğŸ’¯ Men go out and get it ğŸ’ªğŸ¾,"Wow! ğŸ™ŒğŸ’¯ğŸ¶âœ”â€¼
Watch: https://t.co/HZQTwUKZbZ
Miss @LaniMisalucha   @MyJaps @xtianbautista 
@thegoldencanedo 
Iba talaga ang mga performances sa #Studio7","Yo gen CHINWA
Yo gen ESKÃ’PYON
Yo gen EKSTATERÃˆS
Yo gen CHAMPYOM

ğŸ—£ Di yo #Mechan_Dash gen  ""BIJOUX""ğŸ˜â¤ğŸ˜»

8066 BIJOUXğŸŒ¹ğŸ’¯ğŸ’¸ https://t.co/toIxmpMcgx",When I care I feel pain. So why would I let myself careğŸ’¯?,But this freshmen class tho ğŸ’¯ğŸ’¯,"I donâ€™t mind spoiling someone , long as I have that energy back ğŸ’¯ from the start","Been slacking too much, watch in Season 8 when I come back, gotta show these shxtters and wannabes who I am. ğŸ’ªğŸ¾ğŸ’¯",When I'm feeling down and tired I just play Hustle Hard and that shit make me feel a type of way ğŸ˜ğŸ’¯ğŸ’°,DNA 3rd was fucking crazyğŸ’¯ğŸ’¯ğŸ”¥ 2-1 DNA #SMACKvolume7,"THIS THAT ONE CUHZ ğŸ˜‚ğŸ˜‚ğŸ˜‚ğŸ’ªğŸ¾ğŸ’¯ Repost from @imgonzoe
â€¢
Today is the day.. no more excuses #WakeYaGameUp and if nobody hasnâ€™t told you before I believing you! âœŠğŸ¾ https://t.co/or9FpgQRM8",Me acaban de regalar cafÃ© de palo! ğŸ’¯,I swearrrrrrrr the universe like playing with me man ğŸ’¯ğŸ¥ºğŸ˜‚,"At my Best Friends place chillin by their Awesome Christmas tree. 
Good night with Fam. ğŸ™â˜ï¸ğŸ’¯ https://t.co/jVyFqslLv8","A very good morning everyone! â™¥ï¸ Thank you so much po, @LuciaPromotes until next time lol. ğŸ¤ª Stay safe y'all. ğŸ’¯ #LuciaCares https://t.co/wB3toxnMau","I miss my house in Merced, no drama, just vibes ğŸ’¯ğŸ’¯","Ima start doing more shit by myself. I donâ€™t give a damn if I have to go alone. I be waiting around for my friends, or to find friends that wanna do shÃ¬t with me, when I can just do it by my damn self or with people that wanna do whatever it is with me ğŸ’¯ğŸ¤·ğŸ½â€â™€ï¸",This song right here ğŸ’¯ğŸ¥° #classic90sShit https://t.co/hmyiOZsmeZ,AND THAT LADIES AND GENTLEMEN IS HOW YOU CAPITALIZE ğŸ’¯ https://t.co/mRXYQBHda6,I was jamninâ€™ to some BeyoncÃ© too ğŸ™ŒğŸ¾ğŸ˜Š that Coachella version! Whew Chile!! Gets me right every time! ğŸ’¯ğŸ˜‚,"At this time, I just hope, I'd be very fortunate to be a beneficiary.

@DONJAZZY @DONJAZZY Plz kindly  help your peopleğŸ™ğŸ’¯ @ayrastarr #ayrastarr 
VFD: 1000577517 https://t.co/jMTlH62aBu https://t.co/OItrhRYoPL",I want a GROWN woman by my side not just in my bed ğŸ’¯ğŸ¤ğŸ¾,Nobody I mean NOBODY has my attention ğŸ’¯â—ï¸ğŸ˜˜,Happy Bday to the newest member of that 40/40â€™club @theworldi_c Welcome to only the beginning of livingğŸ’¯ğŸ‰ğŸ’¯ @ Buckhead Atlanta https://t.co/7Jdl6sXfT3,some1 say something cute to me for my header idc if u lie ğŸ’¯,I just hope the trolling wey you guys dey troll Medikal be jokes right? Cos nigga deserves some respect ğŸ’¯ğŸ¥‚,From Game centerâ€™s to PS5 .. God has been good ğŸ’¯â¤ï¸ğŸ™ğŸ½,"ğŸŒŸ â“…â“„â’¼â“„â’½â“Šâ’· ğŸŒŸ
âœ¨ (Boosted) Meditite â™€ï¸ (22:09)
MOVES: Confusion / Ice Punch
IV: ğŸ’¯ (15/15/15) CP: 475 LVL: 24
ğŸ‡µğŸ‡« Papeete, French Polynesia
-17.544655,-149.580667
#ShinyCheck - follow us see pined link",â€œPLEASE DONâ€™T TOUCH MEâ€ Official Audio â€¢ Coming Soon â€¢ 2021 #grabencashentertainmentinc @rahswish Aye Big Bro You Made Me Do This One ğŸ’¯ https://t.co/pHLLr5Qmvm,"saying that something is aesthetically pleasing: ğŸ¤¢ğŸ’©ğŸ™…â€â™€ï¸ğŸ‘

saying that something is sexy/sexc: ğŸ¤©ğŸ”¥ğŸ’¯â¤ï¸",A pair of dicked Payless shoes ğŸ‘Ÿ. Some shit I never wanted anyway. ğŸ’¯ğŸ’¯ğŸ’¯ğŸ¤ğŸ¤”ğŸ¤·ğŸ¾â€â™‚ï¸ğŸ˜’ https://t.co/ZQQGLpmjK4,Is it just me or does every one have that one person that ruins there drunk or high every damn time ur with themğŸ˜’ğŸ’¯,"Algunas personas se creen que son mÃ¡s maduras que uno solo porque son mayores pero a veces pienso que es todo lo contrario porque se comportan peor que un niÃ±o de 5 aÃ±os y a veces los menores somos el ejemplo y los ponemos en su lugar ğŸ˜‚ğŸ˜‚ğŸ˜‚ğŸ¤£ğŸ¤£ğŸ¤£
La edad no define tu madurezğŸ’¯",Putting everything in motion I'm the  Octopus my hands in everything ğŸ˜¤ğŸ˜¤ğŸ”¥ğŸ’ªğŸ¾ğŸ¥ğŸ™ğŸ½ğŸ’¯ #MoreThanBlessed https://t.co/FMuf4Rge9H,"To those that's new to $Vnue or have not looking into what $Vnue is about...???
((( READ THIS POST BELOW IMMEDIATELY BEFORE PPS TRULY RUN UP .05-.25+ SHOR-TERM )))
https://t.co/HLK3wJ5RMW
Cheers mate! ğŸ¥³ğŸ”¥ğŸš€ğŸ»ğŸ’¯ğŸ‘ğŸ”’ğŸ˜",Watching my boy @Lav_TMP. Your videos are hella addicting and entertaining. ğŸ‘ ğŸ’¯,"On god, keep that shit away from meğŸ’¯ğŸ’–ğŸ˜‚ https://t.co/RvmqYeGZlU",Sometime you gotta watch and observe itâ€™s a mind game ğŸ¤²ğŸ’¯â—ï¸,I been down unfortunately Nd lost loved ones that shit torture meğŸ’¯,if youâ€™re sad rn just remember.. pain is temporary. swag is forever ğŸ’¯,"ğŸ¾3. Just to avoid any misunpawrstanding, our outloook on life is ğŸ’¯ purrcent #science based. But there are some rare instances where a bit of sage can go a long way to clear purrsistant stenches which would otherwise hurt our little noses. ğŸ––",Milli make me wanna be in Miami ğŸ’¯,A female suppose to be an investment never a bill ğŸ’¯,"Some thoughts on the @shoutoutso_â€™s 2021 vision ğŸ‘‡ğŸ¼

PS: Phase 2&amp;3 will drop your jaws ğŸ’¯ https://t.co/Dws5i9Gmiv",Canâ€™t wait around I need me second job ğŸ’¯,just realized that i've been unknowingly participating in intermittent fasting due to the pandemic and my depression joining forces... health queens stay winning ğŸ˜ŒğŸ˜¤ğŸ’¯,"Things I am going to force myself to do this year to better myself....

Eat healthier
Exercise more
Build new relationships
Rekindle lost friendships
Be a better human being

I need to improve my mental health and set aside my pride. Do better and be better. #StayHumbleğŸ’¯",Pretty had me giving more than I was giving ğŸ’¯ğŸ–¤,"Multiple stream of income? Yasssssss! 

If you love me; please plug me to ""Online/Virtual gigs (PA; SM handler; anything Virtual). 

I'm ğŸ’¯ efficient and also a fast learner",â€œDesignating domestic terrorism as a federal crime would provide federal departments and agencies with more tools and resources to combat the threat.â€ ğŸ’¯ https://t.co/uy1s2mnUOB,Iâ€™ve been down unfortunately she was so mad at me ainâ€™t see it now I feel like I lost ha ğŸ’¯,"Sometimes, to love someone you gotta be a stranger ğŸ’¯",Totally agree but we canâ€™t give this too much attention because when a man goes through similar situations the women donâ€™t give a damnğŸ¤·ğŸ¾â€â™‚ï¸ğŸ¤”ğŸ’¯ https://t.co/AsJXwRNnD3,Acabo de terminarme Prison Break ğŸ¤©ğŸ¤©ğŸ¤©ğŸ¤©ğŸ¤©ğŸ¤©ğŸ¤©ğŸ¤©ğŸ¤© 10/10 ğŸ’¯,The Byakuya fit ğŸ”¥ ğŸ’¯ https://t.co/gaVyDxMel6,Soaking isn't just for old people or women lol... That shit is to stay forever young ğŸ˜‚ğŸ˜‚ğŸ˜‚ğŸ™ŒğŸ¾ğŸ’¯ nothing like it,Before some idiotic Brings up Matthew Stafford to Dallas itâ€™s not going to happen because  DAK Prescott is our quarterback  ğŸ’¯      So keep your hate &amp; Opinions to yourself because we already  A   franchise QB who is  going to led this team to A Super Bowl https://t.co/ymSmebzv9P,She slime ğŸğŸ’¯ https://t.co/pjKTAGb5cu,Might make a girl Bernie-bro out of me! ğŸ’¯âœŠğŸ¾ğŸ’œ https://t.co/dN3krwcJ8t,One of the best locks on the game hands down.  ğŸ’¯ğŸ™ŒğŸ» https://t.co/k4IzJYholU,School teaches you how to be programmed ğŸ’¯,"If you quit once, it becomes a habit ğŸ’¯

#successmindset #motivation",ğŸ‘ğŸ¾ğŸ’–ğŸ’¯ Nothing better then a Black WomenğŸ’¯ https://t.co/Nmev4fqJ2n,Finally got to meet @AngelGomez143 today! Thank you for stopping by and showing DT love! Learned so much today! You truly are about YOUR PEOPLE! 2021 isnâ€™t ready for whatâ€™s to come ğŸ“ˆğŸ’ªğŸ¼ğŸ’¯ #RawBash #WCC #MidwestThing @neilhorrell @AngelGomez143 @RJGomezIII @SamSindha @JonFreier https://t.co/A6K94QQNyS,Iâ€™d give it all back rn just to see you smile. ğŸ’¯ Iâ€™ll give my hoes back on slimeğŸ’š juhh to hea Yhu nowğŸš¶ğŸ½â€â™‚ï¸,Sixowe crxp if i meet a Bitchk i like and i can see you whenever i want to imma bk loyal ğŸ’¯âŒğŸ§¢,all men do is lie ğŸ’¯,my biggest flex is my bsf is so pretty and every guy has a crush on her but she likes me ğŸ˜‚ğŸ’¯,as a young lady i have such a high standers when it comes to relationship ğŸ“Œand who i dateğŸ’¯ first of all iâ€™m not dating nobody who doesnâ€™t want a relationship with GodğŸ¤¦ğŸ¾â€â™€ï¸secondly that easy success n greed for money/ wanting to be rich n me ainâ€™t working together thatâ€™s it.,"ğŸŒŸ â“…â“„â’¼â“„â’½â“Šâ’· ğŸŒŸ
âœ¨ (Boosted) Roselia â™€ï¸ (26:42)
MOVES: Razor Leaf / Sludge Bomb
IV: ğŸ’¯ (15/15/15) CP: 908 LVL: 17
ğŸ‡¨ğŸ‡¦ Pointe-Calumet, Canada
45.473079,-73.929279
#ShinyCheck - more coords &gt;&gt; @pogohubofficial",Was doing the same thing back during the  IC days  it ainâ€™t nothing new. Happy for you bro @DallasBailey9 ğŸ’ªğŸ¿ğŸ’¯ https://t.co/dr3GZ9ZydS,"Tell Yb pay ah nigga ah visit, he n my state as we speak ! ğŸ’¯ğŸŒ¬ https://t.co/2JBePxwrqm",I FOUND HIS INSTAGRAM AND HE FOLLOWED ME BACK ğŸ˜¹ğŸ˜¹ğŸ˜¹ğŸ˜¹ğŸ˜¹ğŸ˜¹ğŸ˜¹ğŸ˜¹ğŸ’¯ğŸ’¯ğŸ’¯ğŸ’¯ğŸ’¯ğŸ’¯ğŸ’¯ğŸ’¯ğŸ’¯ğŸ’¯ğŸ’¯ğŸ’¯ğŸ’¯ğŸ’¯ğŸ’¯ğŸ’¯ğŸ’¯ğŸ’¯ https://t.co/equ9mpU90L,CRYING RN! THAT'S MY LITTLE BIG BROTHA!! ğŸ’¯ğŸğŸ¤‘ https://t.co/77cInvdWVo,"Buenas noches amigos, les presento mi mejor partida de brawl, escrÃ­banme al dm para darles consejos de como jugar asÃ­ de pro ğŸ˜ğŸ‘ğŸ’¯ https://t.co/R9JAK4yazJ","Enisa X Davido ""Love cycle remix""ğŸ”¥
Are you ready??!!ğŸ™Œ
I can feel the heat already ğŸ’¯",Knowledge is a fertile to your wealthğŸ’¯ gotta be prepared for it when it come.,Baddest biddy in my block ğŸ’¯ğŸ—£,"Estoy viendo que eso depende del fabricante .
Hay que analizar muy bien y encontrar la que nos brinde ğŸ’¯% de seguridad. https://t.co/6PkQSjv7jg","Hay cosas q simplemente salen...  q no se pueden fingir... 

#CanYamanCePostaPerTe
ğŸ’¯%#CanYaman https://t.co/tuorhiguNX","U DONâ€™T KNOW NOTHING ABOUT THIS #offwhite #NIKE #chicagos #og #jordan1 #dvincycustom #mibrother  #compadres  ğŸ’¯ğŸ™ğŸ½â¤ï¸ğŸ’¯ @ Christian Hill Reservoir, Lowell https://t.co/GGkp2gQxJv",Like Referee blow the whistle and put it on for my money team ğŸ’¯,"Final | Everyone scores for your Firestorm while hitting the century mark ğŸ’¯ 

#RollStorm ğŸ”¥ https://t.co/e5fsR2oinG",ğŸ’¯ğŸ‘ğŸ½ https://t.co/OmipwmlaYh,Funky as usual ğŸ’¯ğŸ˜ https://t.co/pybYpPgi4w,Ese niÃ±o tiene potencial ğŸ’¯ğŸ’¯ https://t.co/ltGUNZQaDj,"Feliz cumpleaÃ±os @Roy_Guerrero que lo disfrutes al ğŸ’¯ en compaÃ±Ã­a de tu hermosa familia, te mando un abrazo.",I got to pray harder. ğŸ’¯,"10 track drum quantize âŒ
10 track guitar quantize âŒ
2 track bass quantize âŒ
24 track vocal quantize plus tuning ğŸ’¯",Da Day We Get A Wingstop In South Bend Its Foreva BussinğŸ˜‚ğŸ’¯ straight #GoooğŸš¦,"ä»Šæ—¥ã®éººæ´»ğŸœå¤ªç™½åŒºå¯Œæ²¢

ğŸå¤ªå¹³æ¥½ å¯Œæ²¢åº—ğŸ

ã€æœãƒ©ãƒ¼ä¸­(ç´°éºº)ã€‘
+ãƒ©ã‚¤ã‚¹+æ¸©ç‰

ä»Šå¹´åˆã®å¤ªå¹³æ¥½(å¯Œæ²¢åº—)ã•ã‚“ã¸

æœã‹ã‚‰æº€å“¡å¾¡ç¤¼çŠ¶æ…‹!!( ; ï¾›)ï¾Ÿ ï¾Ÿ
ãŸã ä¼šè©±ãªã„ã—
ãƒ‘ãƒãƒ«ã‚‚ã—ã£ã‹ã‚Šè¨­ç½®ã§å®‰å¿ƒğŸ‘
ãƒ©ãƒ¼ãƒ¡ãƒ³ã‚‚å®‰å¿ƒå®‰å®šã®
ã‚·ãƒ³ãƒ—ãƒ«ã‚¤ã‚ºãƒ™ã‚¹ãƒˆçš„ç¾å‘³ã•ğŸ’¯
ã€†ã¯TKGé¢¨èŒ¶æ¼¬ã‘ğŸ˜‹ğŸ’¨

ä»Šå¹´ã‚‚å®œã—ããŠé¡˜ã„ã—ã¾ã™ğŸ™‡â€â™‚ï¸ https://t.co/KmFBijVhlw",Spot on ğŸ’¯ https://t.co/HpEcPohZUb,"1/24â™¡ ä»Šæ—¥ã¯ã‚¸ãƒŸãƒ³ãŒåˆã‚ã¦Twitterã§æŒ¨æ‹¶ã—ã¦ãã‚ŒãŸæ—¥ãªã‚“ã ã­
ã“ã‚Œã‹ã‚‰æƒ³ã„å‡ºä½œã£ã¦è¡Œãã‹ã‚‰ã­â¤ï¸

#ThankYouJimin #JIMIN
#AlwaysWithJimin
@BTS_twt 
 
ë‚´ ì•ì— ë‚˜íƒ€ë‚˜ì¤˜ì„œ ê³ ë§ˆì›Œ ì§€ë¯¼ì•„
ë¶€ì€Â ëˆˆë„ ë¶€ë¥´ë£¬ì…ìˆ ë„ ë‚´ ì·¨í–¥ì´ì– 
ğŸ‘ğŸ’¯ğŸ’• https://t.co/fwFzB6Z0TE",Once you get the right one itâ€™s like nobody else matter ğŸ’¯,"â”â”â”â”â”â”â”â”â”
     ğŸ’™ *_TEAMâ“‚YSTiCğŸ’™ARG_*ğŸ’™
                â”â”â”â”â”â”â”â”â”

  âœ¨ ğŸ¦ *GROUDON* ğŸ¦âœ¨

       *POTENCIADO/BOOSTED*

      ğŸ’¯=  2ï¸âƒ£9ï¸âƒ£3ï¸âƒ£9ï¸âƒ£

*GYM 1: JUEGOS DE PLAZA*

*ğŸ‡¦ğŸ‡· GYM EX* ğŸ‡¦ğŸ‡·

â³ *_2da Ronda_: 21:05 // XX:05*

*CC GYM:*
-34.544187,-58.476998
#ExPassGym",Life is better with weed. ğŸ’¯ğŸ˜‚ğŸ˜‚ https://t.co/MdeRmIaoAQ,"yandel siempre se preocupa por mi bendito, el pri ğŸ’¯ğŸ‘©ğŸ»â€ğŸ¤â€ğŸ‘¨ğŸ¾â£ï¸","space for things to unfold naturally. Your time is coming!! Believe that. ğŸ™ŒğŸ½ğŸ’¯ -Major shifts are taking place this weekend, make sure to ground yourself, stay hydrated. Iâ€™m  sending all my love &amp; energy to each &amp; every one of you! Weâ€™ve got this, we are going to make it! ğŸ¤âœ¨ğŸ•Š",Live your life for you and yours.  ğŸ’¯,these hoes really be slimey ğŸ’¯,Esta es una super imagen. De lo que las mujeres somos capaces de alcanzar!â¤ğŸ‘ ğŸ’¯ https://t.co/oo7vgNrRc0,MÃ³ bailÃ£o Snrz ğŸš©ğŸ’¯â¤ï¸ğŸ¥³ğŸ¥³ https://t.co/eZc681v8yg,ğŸ’¯ğŸ’¯ https://t.co/NCVjy7u531,I don't judge nobody cause I know pain can turn a angel into a demonğŸ’¯,ğŸ’¯ğŸ‘ğŸ» https://t.co/P0MPSy3ELE,Hope @TOPBIZZY comes with an @Iam_AWard angle ğŸ’¯,Sunday morning ğŸ’¯,Capones ğŸ’¯.,so righteous ğŸ’¯ https://t.co/KPGzclBjYD,"âœ¨ Chespin âœ¨ â™‚ï¸
IV: ğŸ’¯ ( 15/15/15 ) CP: 1018 LVL: 35
Dsp IN: (19:29)
40.224301,-75.254241
#PogoConnection","âœ¨ Roselia âœ¨ â™€ï¸
IV: ğŸ’¯ ( 15/15/15 ) CP: 1656 LVL: 32
Dsp IN: (19:11)
57.648342,11.894103
#PogoConnection",No Cap ğŸ’¯ğŸ’¯ğŸ’¯ https://t.co/25GMuotBUw,Iâ€™ll be your babydoll ğŸ‘¶ğŸ»ğŸš¼ğŸ¥ºand your bodyguard ğŸ§ğŸ»ğŸ˜¤ğŸ›‚ if you tell me to ğŸ’¯ğŸ’¯ğŸ¤ª,Activa ğŸ’¯#23ETriunfoDelPueblo,ğŸ’¯ https://t.co/jR4wYIgXk1,"Every time two people get into it, one person always want to say â€œthey was right about youâ€. Baby I donâ€™t give an entire fuckğŸ¥´ğŸ¤§ğŸ¤£ğŸ’¯",ğŸ’¯ https://t.co/IHrqKkIRyb,You ainâ€™t ever pose to do that ğŸ’¯ like they going appreciate it ğŸ˜­ https://t.co/WravtTZpRQ,Some of us never found time to be happy we was too busy tryna be strong ğŸ’¯,#BerniesAngels ğŸ‘‡ğŸ¼ğŸ’™ğŸ˜‡ğŸ’¯ğŸ‡ºğŸ‡¸ https://t.co/T4io7LilKc,"ğŸŒŸ â“…â“„â’¼â“„â’½â“Šâ’· ğŸŒŸ
âœ¨ (Boosted) Roselia â™€ï¸ (19:54)
MOVES: Razor Leaf / Sludge Bomb
IV: ğŸ’¯ (15/15/15) CP: 1656 LVL: 32
ğŸ‡¸ğŸ‡ª Majorna, Sweden
57.648342,11.894103
#ShinyCheck - follow us see pined link","Let's do thisğŸ¤™
Early prelims soonğŸ’¯
#UFC257 https://t.co/Z4pheNTWIn",Idc what yâ€™all say. This kit is fly af and I already have the 95 air max to match it. I will be copping it. ğŸ’¯ğŸš«ğŸ§¢ https://t.co/6H4imLqzyj,Facts ğŸ’¯ https://t.co/SNx7Dppazm,"I love being in love, but The kind of love that I offer I cant &amp;&amp; wont just give to anybodyğŸ’¯",Facts ğŸ’¯ https://t.co/26JORTRXbu,"i just combed the wikipedia page of Aileen Wuornos(itâ€™s not a lot) and wow, that woman was definitely crazy. best last words ever ğŸ’¯",Best believe I donâ€™t care ğŸ’¯,ğŸ¤¦ğŸ»â€â™‚ï¸ğŸ’¯ https://t.co/YmDm4NM7IM,i wonâ€™t be happy again until im in new york againğŸ’¯ğŸ¥º,Hustle hard for u to achieve ur goals ğŸ’¯ ğŸ’¯ ğŸ’¯,Loyalty is for free ğŸ’¯,If brownskin women are not being OVERLY SEXUALIZED then we are being told we arenâ€™t accepted because of some made up reason ! Like yâ€™all just donâ€™t wanna see us winğŸ˜‚â€¼ï¸ pathetic. Imma speak up! Bump that staying quiet ishhhâ€¼ï¸ğŸš«ğŸ’¯,ğŸ’¯ğŸ’¯ https://t.co/PzZe6RgBvC,Banger  ğŸ’¯ #LosDioses https://t.co/84f5CeHFst,"Whatever you sew, you will reap ğŸ’¯",actually... WE ARE GOING TO CHANGE THE WORLD!ğŸ’¯ https://t.co/5OnSnsQxey,ğŸ’¯â¤ï¸ https://t.co/uCjeqsZF09,"ğŸ’¯
#AcquitKyleRittenhouse #FreeKyleUSA #SelfDefense #FightBack #LockUpGaigeGrosskreutz 
#TeamRittenhouse https://t.co/mUnfZWy48R",Lmaoooo ğŸ’¯ shit wicked this season fr but them still my boys ğŸ’™ https://t.co/GLf18QH3JA,Maybe her election should be investigatedâ‰ï¸ğŸ’¯ https://t.co/j7kDLJMcQc,ğŸ‘€ğŸ˜¬ğŸ¤«ğŸ’¯ğŸ’¯ https://t.co/ffaD4SNsAm,ğŸ’¯ğŸ’¯ğŸ’¯ https://t.co/5SWr4blcTN,â¤ï¸ğŸ˜›ğŸ˜›ğŸ¤¤ğŸ¤¤â™¨ï¸ğŸ”¥ğŸ’¦ğŸ’¦ğŸ’¦ ğŸ’¯ Pure Sex !!! https://t.co/5H8Gcz1Gh6,â€œhaps broâ€ more like who gave you speaking privileges and why amirite ğŸ’¯ğŸ’¯,"51.50388, -0.01654
Nincada ğŸ’¯cp483 #ShinyCheck",ğŸ’¯ omg heâ€™s so inappropriate ğŸ¤« https://t.co/LhTzuXqsk4,This Energyyy ğŸ’¯ https://t.co/wPUvQDD6mH,BEEN A FAN OF G GERBO SINCE LIL HERB ğŸ¤·ğŸ¾â€â™‚ï¸ğŸ’¯ https://t.co/ZeTlG7zBrF,"ğŸ”ºğŸ˜· OJO | Esto le he dicho ğŸ’¯s  de veces y que digan si no es cierto:

â€œUnÃ¡monos,

Âº  Luego votamos por un@ sol@ y

Âº  decidimos entre nosotros.â€

PerdÃ­  +de 200 â€œhatersâ€, que para mÃ­ es un montÃ³n. Cada persona valios@ montÃ³ su tienda aparte.â›ºï¸â›ºï¸  Igual , ya pasÃ³ la oportunidad. https://t.co/O0JxfmHKeY",Excelente â¬‡ï¸â¬‡ï¸â¬‡ï¸ @Padrino50leyes â¤ï¸ğŸ’¯ğŸ’¥ https://t.co/yJq8QNtxiV,ğŸ’¯ https://t.co/70fkfKiiNL,ğŸ˜‚ğŸ’¯ https://t.co/1wdSEOKG6P,i literqlly text my irls w these emojis ğŸ¤ºğŸŒğŸ»ğŸ˜£ğŸ’¯ğŸ’”ğŸ™„ if they canâ€™t figure out i do it ironically thats on them,Solid na solid ganap kagabiğŸ’¯,"âœ¨ Nosepass âœ¨ â™‚ï¸
IV: ğŸ’¯ ( 15/15/15 ) CP: 866 LVL: 31
Dsp IN: (30:23)
9.914810,-84.090353
#PogoConnection",ğŸ’¯ https://t.co/9fXABrKmnA,Forever sucka freeğŸ’¯,Facts ğŸ’¯ğŸ˜‚ https://t.co/M6bnqsnLri,ğŸ’¯ canâ€™t go https://t.co/4pJ0CMaRGG,ğŸ—£Say DatğŸ’¯ğŸ¤ğŸ¾ğŸ–¤ https://t.co/wxJYAahY7x,all the mfs i looked out for if i ever needed you i hope you there for me ğŸ’¯,Free Yot ğŸ’¯ https://t.co/0BkIPG66fa,"ğŸŒŸ â“…â“„â’¼â“„â’½â“Šâ’· ğŸŒŸ
âœ¨ (Boosted) Roselia â™‚ï¸ (27:41)
MOVES: Razor Leaf / Sludge Bomb
IV: ğŸ’¯ (15/15/15) CP: 534 LVL: 10
ğŸ‡ºğŸ‡¸ Warner Robins, United States
32.634572,-83.651592
#ShinyCheck - follow us see pined link",THIS ğŸ˜©ğŸ™ŒğŸ¼ğŸ’¯â¤ï¸â¤ï¸â¤ï¸ https://t.co/fxzgLUGze8,ğŸ’¯ https://t.co/dfz7OdZGjy,"It's just the 23rd day of the New Year and Mingyu decides to ruin my sanity already ğŸ’¥ğŸ’¯
Not at all complaining though https://t.co/5TvmsaUB7e",ğŸ’¯ğŸ’¯ğŸ’¯ https://t.co/1dnH7TPGI7,ğŸ’¯ https://t.co/ReggL6qVbj,and gone forever beğŸ’¯ https://t.co/9gcPSAiLWU,ğŸ’¯ https://t.co/KWggEDDbtW,ğŸ’¯ğŸ’¯ğŸ’¯ğŸ’¯ https://t.co/UvsqZ7haHv,Next winter itâ€™s 3 piece suits n suspenders ğŸ’¯,"Someone just supported @VLifeParanormal on @buymeacoffee! ğŸ‰ 

Thank you so much ğŸ˜­ğŸ˜­ğŸ˜­ğŸ’¯ğŸ’¯ğŸ’¯ğŸ™ğŸ¼ğŸ™ğŸ¼!!!

@VLifeParanormal is A Paranormal Podcast. You can support by buying a coffee â˜•ï¸ here â€” https://t.co/qGrMYCC74v",Definetly KendrickğŸ’¯ https://t.co/2cwdGVKfAw,quisiera ser drip goku ğŸ’¯,ğŸ’¯ğŸ’¯ https://t.co/wpBhThRjCk,The Goat ğŸ is trending. Letâ€™s go!ğŸ”¥ğŸ’¯ https://t.co/wyoLecZsIt,On the bench. âœŒï¸ğŸ’¯ https://t.co/qIIYQRRPNs,"âœ¨ Mudkip âœ¨ â™‚ï¸
IV: ğŸ’¯ ( 15/15/15 ) CP: 967 LVL: 30
Dsp IN: (10:06)
22.300531,114.175379
#PogoConnection",Kevin Porter in Houston tuffğŸ’¯,"SafÃ¡ri do Mickey,Dia corrido,mais graÃ§as a Deus tudo ok ğŸ™Œ
ğŸ’¯ğŸ’¥ğŸ’• https://t.co/wiYRBZ5yGY","ğŸš¨#NewMusicAlert He just keeps cranking them out!! Excited for more new #countrymusic from @robcmayes Go check out his brand new album out now, https://t.co/vD5kCyIJJd ğŸ’¯ğŸ¤ğŸ¶ https://t.co/ThaPN0e1wZ",ğŸ¥ğŸšğŸ”¥ÎƒğŸ˜„Ì„ÍğŸˆ·ğŸ‡ªÊ€ÌÃğŸ”¸Ã‘È°ğŸ™‹ğŸŒÌğŸ”¶ÊË™â‰ğŸ©ğŸ‘²Èâœ‚9âƒ£Ì˜ğŸŸÊŠâ†—ğŸ‘³ğŸ’­ğŸ‘´Èâ˜Ê“ÎŠÌ•Î’ğŸ’È›â›…Î¬É€ÍğŸ’»ÃªÎ«ğŸ Ê’ğŸ•¤Ì˜Í·É¾È–ÎğŸ”§ğŸ˜’È¿ğŸ²È¼â«ğŸ³ÊµÊ¼âªÊˆğŸ™€ğŸŒ»Ï©È”ğŸ”€Ì£â“ğŸ†“ğŸ‡°ÏŠË•ğŸ™…ÎƒÍ°Ê»Â·ğŸ˜€ğŸ’¶Ë‰ğŸŒ´È»È¼ğŸ¦ğŸ“¡Ë ğŸ”ğŸ˜†ğŸ’†fğŸ–Ã¡ğŸ˜¿ÍÍ§È˜%ğŸš‘É›ğŸDâ™ŒÌâ—ğŸ¢É½â—€ğŸ°ğŸˆ´ğŸ˜¼ğŸ‹ğŸ”¯âšªÈ½ğŸ”ŠğŸ˜·Ï´ÂµâœğŸ‘Î¦ğŸ“›È’Î¾ğŸ’¯Ë¹â¬‡ğŸ’˜Â§Ã¼ğŸ• 6âƒ£É«âœˆË‚ğŸ³ğŸ˜â­ÌºğŸ„ğŸ˜›ÎˆğŸ‡¨É¡ğŸ”ªğŸš,ğŸ’¯ https://t.co/VpB6VrsoyK,"This Clip so damn funny from the movie â€œBe Coolâ€ with @CedEntertainer  ğŸ˜‚ğŸ˜‚ğŸ˜‚ğŸ˜‚ğŸ˜‚ğŸ˜‚

But it also sums up how BLACKS  influenced and shaped America with rich history with our cultural influence ğŸ’¯ğŸ’¯ https://t.co/SjpMA8U1Z6",ğŸ’¯ğŸ”¥ https://t.co/CPNOfdwbj9,All I want is a family ğŸ’¯,"Mi bro @DanielAraujoRD, usted es duro en lo suyo... Ufffff, aprendiendo de ti manin. ğŸ’¯ğŸ”¥",one of my nighas had me fucked up â€˜ ion gaf cus ALL yâ€™all ass fenna feel tsğŸ˜­ğŸ’¯,When You Going Through Real Life Shit All You Want Is A Solid Mf In Ya Corner ...ğŸ’¯,"https://t.co/UlATQv6vq2 check him out, he's really good ğŸ’¯ ğŸ¶ â˜‘ï¸ https://t.co/ig9Q2ExFSR",itâ€™s refreshing when a man see value and appreciate yo worth ğŸ’¯ğŸ’•,"SUNDAY SESSION TOMORROW ğŸˆâ€¼ï¸

Time : 11 am (noon for y'all ğŸ˜‚) 
Location : 55 N Tibbs 

Come late and get picked up ğŸ¤·ğŸ½â€â™‚ï¸
Let's get ACTIVE ğŸ’¯â™¥ï¸ğŸˆ
#LUV3",ğŸ’¯ de acuerdo con el top 5 ğŸ™ŒğŸ¼ğŸ™ŒğŸ¼ https://t.co/FWlBIQq8Ti,"ğŸ’¯Â©ï¸ en Leones, Cordoba, Argentina https://t.co/YmiYSMwG30",I Wonâ€™t Trip On ShitğŸ’¯,"Im really raw wit this graphic design shitğŸ’¯ğŸ’¯ğŸ’ªğŸ¿ 
Yall get at me fa yall covers n flyers https://t.co/12RrO4kHY3",Linda semana terminada tranqui ğŸ¤™ğŸ’¯,Built different ğŸ’¯ https://t.co/eJhsGFneEu,â™¥ï¸ğŸ’¯ https://t.co/z9Q4kBZW61,"æœã”ã¯ã‚“ã€€ãˆã®ãã¨ãƒãƒ¼ã‚ºã‚’ç‚’ã‚ãŸã‚‰ãã¡ã‚ƒãã¡ã‚ƒã«ãªã£ã¡ã‚ƒã£ãŸã‘ã©ã‚«ãƒªã‚«ãƒªã§ãƒˆãƒ­ãƒˆãƒ­ğŸ™ˆãŠã„ã—ã„ğŸ’¯ğŸ’¯ğŸ’¯
æ´»å‹•çš„ãªï¼‘æ—¥ã«ã—ã‚ˆãƒ¼ã£ã¨ğŸ”¥ğŸŒˆ https://t.co/KluaEHhmjr",theyâ€™re very ugly ğŸ’¯,Never dissedğŸ’¯ğŸ™ŒğŸ¾ https://t.co/lcrKZyetBy,"Yea ik but I wasn't tripping bruh, you should at least like the post, retweet it and show love tho that would be appreciate bro ğŸ’¯",God is goodğŸ™ğŸ’¯ https://t.co/IwhEyPI9a9,Joel Embiid ğŸ’¯ https://t.co/Nz4waChghS,"Thankful for another offer from EU!!
Shot out to the coaching staff and players, I appreciate it.ğŸ’¯ğŸ’ªğŸ¼ğŸ’ªğŸ¼@CoachFlo_  @evangelfootball https://t.co/cIjUer1QIt",ğŸ’¯ https://t.co/6VskVRh0LB,&gt;&gt;Knowing bout this shw ğŸ’¯ğŸ›,"-34.558483,-58.621761
#Beldum âœ¨ğŸ’¯ L23",Ima meet em one day before I dieğŸ’¯,Donâ€™t lie to me cus you canâ€™t get around that ğŸ’¯,ğŸ’¯ğŸ’¯ğŸ’¯ https://t.co/fVh8YqNGlR,"ğŸŒŸ â“…â“„â’¼â“„â’½â“Šâ’· ğŸŒŸ
âœ¨ (Boosted) Baltoy (XL) (27:20)
MOVES: Confusion / Gyro Ball
IV: ğŸ’¯ (15/15/15) CP: 629 LVL: 28
ğŸ‡ºğŸ‡¸ Whittingham, United States
40.285626,-74.266854
#ShinyCheck - more coords &gt;&gt; @pogohubofficial","ğŸŒŸ â“…â“„â’¼â“„â’½â“Šâ’· ğŸŒŸ
âœ¨ (Boosted) Roselia â™€ï¸ (26:42)
MOVES: Razor Leaf / Sludge Bomb
IV: ğŸ’¯ (15/15/15) CP: 908 LVL: 17
ğŸ‡¨ğŸ‡¦ Pointe-Calumet, Canada
45.473079,-73.929279
#ShinyCheck - follow us see pined link","ğŸŒŸ â“…â“„â’¼â“„â’½â“Šâ’· ğŸŒŸ
âœ¨ Roselia â™€ï¸ (14:50)
MOVES: Poison Jab / Petal Blizzard
IV: ğŸ’¯ (15/15/15) CP: 139 LVL: 3
ğŸ‡«ğŸ‡· Le Mans, France
47.964941,0.225464
#ShinyCheck - more coords &gt;&gt; @pogohubofficial",Go check it out KARMAA site is on fire ğŸ”¥âœ”âœ…âœ”ğŸ’¯â™¨ğŸ‘‡ğŸ‘‡ğŸ‘‡ğŸ˜ğŸ˜ğŸ˜œğŸ˜›ğŸ˜ŠğŸ˜²â˜‡ https://t.co/avEKZgRHkp,Check out @â€‹URLTV on Caffeine! #caffeinetv https://t.co/IHdFbU3Pfo â¦@DNA_GTFOHâ© 21 #NWX ğŸ™…ğŸ¾â€â™‚ï¸ğŸ’¯,You only could spoon feed a wolf for so long until he bite you ğŸ’¯,Very Fine Artwork @JimCarrey ğŸ‘ğŸ¾ğŸ‘ğŸ‘ğŸ¾ğŸ‘ğŸ‘ğŸ¾ğŸ’¯â™¥ï¸ https://t.co/0hThHezZdy,WaoooğŸ¤¯ğŸ’¯â™¥ï¸ https://t.co/80q8AmqVl5,Mahal ko kayo skemily &amp; skemtonado.ğŸ’¯ğŸ¤—ğŸ’™ Super sarap mabuhay kapag kayo ang kasama.ğŸ’™ğŸ¤—,Driving lessons with dad is just ğŸ’¯,The support really motivate niccaz ğŸ’¯â€¼ï¸,$15/hr for a 40 hr week is $600 gross per week. We can go a step further and say that $2400/mo. That $2400/mo would help a majority of the working class get the leg-up weâ€™ve been needing ğŸ’¯ğŸ¤™ğŸ¾,ğŸ’¯ğŸ’¯ https://t.co/vyGrPm2tY8,Mask update: Day 3 of ğŸ’¯ and I still don't wear a ğŸ˜·. 97 to go.,"âœ¨ Aron âœ¨ ğŸ’¯% xl boosted
CP: 1139 Level: 31
ğŸ‡¦ğŸ‡º docklands ğŸ‡¦ğŸ‡º
-37.817050,144.954860

#hundo #shundo
ğ™¿ğ™¾ğ™¶ğ™¾ğ™·ğš„ğ™±
For more ğŸ”¥ğŸ”¥ğŸ”¥ coords follow @pogohubofficial",I love this thread .. ğŸ’ğŸ’¯ğŸ¶ https://t.co/2SMTsipLuD,"Face your fears or youâ€™ll be stuck in the same place forever. Failure doesnâ€™t mean you lost, it just means you bossed up and tried something you were interested in. Keep trying... something will eventually fall into place ğŸ¤ğŸ¼ğŸ’¯ just donâ€™t give up!",ğŸ’¯ğŸ’¯ğŸ’¯ https://t.co/ztYEi4Zbiq,ğŸ’¯ https://t.co/HSDWv2btlw,BestğŸ’¯ğŸ˜† https://t.co/S1H8ZJX9gN,My girlfriend the best hands downâ¤ï¸ğŸ’¯,ğŸ’¯ğŸ’¯ https://t.co/28UEUduD5k,Don't let nobody who ain't been in your shoes tell you how to tie your lacesğŸ’¯,ğŸ’¯ğŸ‘‡ğŸ¾ https://t.co/wXveHf7ab5,Itâ€™s really crazy how much of a Leo I am like I will really leave yo ass alone and wonâ€™t gafğŸ’¯
