ğŸ’¯ #TaxationIsTheft https://t.co/eVN0oxRR96,"#BrasileirÃ£o ğŸ‡§ğŸ‡·

ğŸ†š| #SPFCxCFC 1-1

âš½ï¸| Luciano 
 
âš½ï¸| Sarrafiore 
â€”â€”
ğŸ“Š EstatÃ­sticas:

ğŸ“ˆ Posse: 64% - 36%
ğŸ‘Ÿ FinalizaÃ§Ãµes: 18 - 10
âœ… FinalizaÃ§Ãµes no gol: 6 - 3
ğŸ›  Grandes chances: 2 - 1
â˜‘ï¸ Passes certos: 573 - 280

ğŸ’¯Notas SofaScore ğŸ‘‡ https://t.co/QiqJwUttgn",I Ain't Got Nobody To Talk To But Myself About My Problems ğŸ¤·ğŸ½â€â™‚ï¸ğŸ’¯ğŸ’¯ğŸ’¯,This lil kid going places ğŸ’¯ ğŸ˜‚ https://t.co/NQdYikTpOe,Do we need a daily reminder of how cold Rock Lee really was ğŸ’¯ smh all he had to do was take off those ankle weights ğŸ˜‚ğŸ˜‚ğŸš«ğŸ§¢ https://t.co/0NVlpXRY8V,I see you!!  @Coach_CGreen ğŸ˜‰ğŸ”¥ğŸ’¯ https://t.co/fWXrIOpqEU,patada de trabuco golpe duroğŸ’¯ğŸ’¯,ğŸ’¯ğŸ’¯ğŸ’¯ğŸ’¯ https://t.co/F3LoVxdJt4,"ğŸ†#LaLiga ğŸ’¯#animopues #100AnosGloriosos 
âš½ï¸ #AlavesRealMadrid 
â–¶ï¸ BIDEOA

ğŸ’¥Alavesen mendeurreneko ekitaldiak Real Madrilen aurkako partidan 

https://t.co/0ETE1GPUxj
#eitbkirolak",STICK to the planâœğŸ½ğŸ‘£ğŸ’µğŸ’° EVEN if the MF you planned it wit switched upğŸ­ğŸ’¯,Fight nights ğŸ‘ŠğŸ’¯ https://t.co/iQ3YNMoRu9,KeyGlock Off the Porch will blow ya speakers. Helluva way to go out tho ğŸ’¯,do anything for Kebe ian have it an he gave it ğŸ’¯,Iâ€™m On Point Wonâ€™t Go For Nun ğŸ’¯,ğŸ’¯ğŸ“£ https://t.co/onnAqQU4jw,ğŸ˜­ğŸ˜­ğŸ˜­ğŸ˜­ğŸ˜­ğŸ˜‚ğŸ˜‚ğŸ’¯ğŸ™ƒ https://t.co/lEoW9L7geo,Al ğŸ’¯ y en movimiento Sergio Torres FÃ©lix sigue llevando apoyo a las familias https://t.co/t8xkfjOMB8,Morning sextersğŸ’¯â€¼ï¸ https://t.co/BI6256w27u,ğŸ’¯ğŸ’¯ğŸ’¯ https://t.co/TMfFvQNPmj,"Work on you, for you ğŸ’¯",People need to normalize getting tested fr ğŸ’¯,Fuck everybody I canâ€™t trust nobody ğŸ’¯,If I be around you I really mess with you real asf to me ğŸ¤£ğŸ’•ğŸ’¯ğŸ’¯cause I cut everybody ass off this year ğŸ’¯ğŸ’¯.,I SEE OPPORTUNITY IMMA OPPORTUNIST ğŸ’¯ğŸ’¯ğŸ’¯,ğŸ’¯+9 ğŸ˜… https://t.co/ROShQ39VXL https://t.co/8B4VX1hcbs,couple loses but im still winningğŸ’¯,Itâ€™s about finding purpose in your passion if you donâ€™t love what you do why are you doin itğŸ’¯,"ã€æ‰‹æ‰“ ç„”ã€‘é»’ç£¯
ãƒãƒ£ãƒ¼ã‚·ãƒ¥ãƒ¼ãƒ¯ãƒ³ã‚¿ãƒ³ãƒ¡ãƒ³
è¨ªéººğŸœèŠ³é†‡ãªé¶æ²¹ç…Œã‚ãæ¸…æ¹¯soupï¼é‡åšã§æ·±ã¿ã‚ã‚‹é¶å‡ºæ±ã¨è–«é¦™ãªãƒãƒ£ãƒ¼ã‚·ãƒ¥ãƒ¼ã®é¦™ã‚Šâ€¦ã‚³ã‚¯æ·±ãçµ¶å¦™ãªé†¤æ²¹æ„Ÿã§ç‹¬å‰µæ€§ã‚ã‚‹å‘³ã‚ã„ã‚’ã‚‚ãŸã‚‰ã™ç ç‰ã®é€¸æ¯â™ªã‚ã£ã¡ã‚ƒã‚¦ãƒâ”€â”€ãƒƒ!!
èƒŒä¸­ãŒèªã‚‹æ‰‹æ‰“ã¡ã®é­‚å®¿ã‚‹ã‚¶ãƒ©å‡¹éºº&amp;çµ¶å“é›²å‘‘ã®èˆŒè§¦ã‚Šã¯å”¯ä¸€ç„¡äºŒğŸ¤©
è¶…çµ¶ç¾å‘³â€¼ï¸ğŸ™ğŸ’¥ğŸ’¯ https://t.co/ETBQ3Pv2nv",ğŸ’¯ https://t.co/G6G2ZQ4qUU,Might be a lil nigga but I got these GROWN BITCHES flocking ğŸ’¯,2021 attitude ğŸ’¯ https://t.co/T2ADFxSRZ7,"ãŠã¯ã‚ˆã†ã”ã–ã„ã¾ã™(âŠƒ`Ï‰Â´âŠ‚)âœ¨
ã¸ã‚¡ã‚¡â€¦â€¦ã‚ã¡ã‚ƒã‚“ã“å¯’ã„ğŸ’¦
ã„ã‚‹ã¾ã¡ã‚ƒã‚“ã¯ã“ã‚Œã‹ã‚‰
ãƒ˜ã‚¢ãƒ¡ã—ã¦ãã¾ã™ğŸ’—
ä»Šæ—¥ã‚‚ãŠä»•äº‹ã®çš†ã•ã‚“
èµ·ãã‚ŒãŸã ã‘ã§ãˆã‚‰ã„ã€œğŸ’®ğŸ’¯
ã†ã¾ãã„ããŠã¾ã˜ãªã„ã‚’
ã‹ã‘ã¦ãŠãã¾ã™ã­ã£
â˜†Â°ï½¡â‹†â¸œ(* à¥‘ê’³ à¥‘* )â¸ https://t.co/pwae6HX9Vl","One of my happiest moments is having variety of snacks by my side at this time of the night while watching a movie ğŸ˜.
     Happiness ğŸ’¯","ğŸ†#LaLiga ğŸ’¯#animopues #100AnosGloriosos 
âš½ï¸ #AlavesRealMadrid 
â–¶ï¸ VÃDEO

ğŸ’¥Actos del centenario del AlavÃ©s en el partido ante el Real Madrid 

https://t.co/uKsGnQ4X3e
#eitbkirolak",night stalker was terrible ğŸ’¯ğŸš®ğŸš®ğŸš®ğŸš®,Another day. Blessed fam. Smoke up ğŸ’¯,ğŸ’¯ https://t.co/PHnCsTDhtO,Absolutely ğŸ’¯ğŸ™ŠğŸ™‰ğŸ™ˆ https://t.co/6DvxnyKkHJ,"ğŸŒŸ â“…â“„â’¼â“„â’½â“Šâ’· ğŸŒŸ
âœ¨ (Boosted) Roselia â™€ï¸ (19:54)
MOVES: Razor Leaf / Sludge Bomb
IV: ğŸ’¯ (15/15/15) CP: 1656 LVL: 32
ğŸ‡¸ğŸ‡ª Majorna, Sweden
57.648342,11.894103
#ShinyCheck - more coords &gt;&gt; @pogohubofficial",ğŸ’¯ https://t.co/kMPIEdzD3C,ğŸ’¯ğŸ’¯ğŸ’¯ğŸ’¯ğŸ’¯ğŸ’¯ğŸ’¯ğŸ’¯ğŸ’¯ğŸ’¯ğŸ’¯ https://t.co/5p2Z56fHgM,ãªã‚“ã§Typeã¯è‡ªåˆ†ã§1å›ãã‚Šã£ã¦è¨€ã£ãŸã‚ã¨ã‚»ãƒ•ãƒ¬ã£ã¦è¨€ã£ã¦æœ€çµ‚çš„ã«ä½•å›ã‚‚å—ã‘å…¥ã‚Œã¦ã‚‹ã®â€¦â€¦â€¦????ğŸ’¯ğŸ’¯,No puedo estar pasÃ¡ndola tan lindo!! â¤ï¸ğŸ˜ğŸ’¯,"Birliktelik Her zaman GÃ¼Ã§lÃ¼dÃ¼r.
UnutmayÄ±n SÃ¼rÃ¼den AyrÄ±lanÄ± Kurt  Kapar...ğŸ’¯ https://t.co/jDCb0GgkVN",ğŸ’¯ https://t.co/5PSAH6viwI,im stupid ğŸ’¯,Nothing but winners @OfficialWoodah proud of you brudda ğŸ’¯ https://t.co/fkvF9uuIMX,#Grateful ğŸ™ğŸ¼ğŸ’¯,"ğŸ’¯ ""As a country we must move toward what other countries are doing in making sure mothers are taken care of.""

https://t.co/KKU1MfPh0R",LawğŸ’¯ https://t.co/3HajksXnBt,Merecido @ClubDefensayJus ğŸ’ªğŸ»ğŸ’¯,Check out this highlight! Junior SeasonğŸ’¯ https://t.co/cvechH96wo,"A read... Earrings, this got real ğŸ’¯  MI Dems are lucky https://t.co/A7EejrLeEx",ğŸ’¯ğŸ’¯ https://t.co/01QDfBNCLg,Gracias ğŸ’¯ https://t.co/cSLa0Ax23x,ğŸ‘‡ğŸ‘‡ğŸ‘‡ğŸ‘‡ğŸ’¯ğŸ’¯ğŸ’¯ğŸ’¯ğŸ’¯ https://t.co/DvCQ8y6ffJ,Watched it last night ğŸ’¯ https://t.co/8eS5rOifnj,"Eh odja nha amiga la.
ğŸ¤§ğŸ’¯ https://t.co/7ekILo2Jgj",Coffee ducks @Iam_AWard and gets booked on @urltv vs Top right after ğŸ¤£ Trash ğŸ’¯,New pants dropping tommorowğŸ’¯,Your mind is a strong thingğŸ’¯,MGA GALAWAN TALAGA NG LABLABS KO OH! ğŸ¥ºğŸ’–ğŸ”¥ğŸ’¯ https://t.co/dxys8hfG2a,Don't settle for less ğŸ’¯ keep the crown on your head high ğŸ‘‘.,ì§ˆë¬¸í•˜ëŠ” ìì˜ ë¶ˆì•ˆí•œ ëˆˆë¹›ê³¼ ìš°ë¦¬ ì—°ëŒšì˜ ì—¬ìœ ! ğŸ’¯ https://t.co/8c4H2HIDxV,WorkingğŸ’¯ğŸŒª https://t.co/frgsjI9bgj,Blessed and Highly FAVOREDâ€¼ï¸ Let's Go INDIANSğŸ’¯ğŸ’¯ https://t.co/jfh43AjdiY,On This Day - January 23rd 1982. KISS' only US single from The Elder - A World Without Heroes peaks at #56 on Billboard's Hot ğŸ’¯ chart. https://t.co/lPsrOFD33s,"Iâ€™m proud of myself, but I didnâ€™t do it alone. ğŸ’ªğŸ¾ğŸ’¯ğŸ’¯
#LumpSum",Love the mask and bandanna @DoeDoLLa ğŸ’¯ğŸ˜·ğŸ” https://t.co/6sjT8vDAES,ğŸ’¯ this https://t.co/egVp0qLE2z,"Shoutout to @hollyhoodbaybay ğŸ™ğŸ½ğŸ’¯ 
@50cent  Decemberâ€™s party was litğŸ”¥ğŸ”¥ğŸ”¥. https://t.co/ZwlLmOuBJt","âœ¨ Pelipper âœ¨ â™‚ï¸
IV: ğŸ’¯ ( 15/15/15 ) CP: 1914 LVL: 33
Dsp IN: (05:31)
-36.841692,174.765298
#PogoConnection",Stop the Rain playing atm!!! Mr Tickles said the riff is ğŸ‘ŒğŸ‘ŒğŸ‘ŒğŸ‘Œ and yes indeed it isğŸ¤§ğŸ’¯,hamido arjal rajil ğŸ’¯,"sadu:
l'yhovi: hiiiiiii ğŸ’¯",A MAN in yo cornerğŸ¤ğŸ¾ is waaaaayy different than a nigga JUST in ya BED ğŸ¥´ğŸ’¯ğŸ’ªğŸ¾,Big s/o to @beebrizee ğŸ’¯,"Tendencia en PerÃº, lo conseguimos.. ğŸ¤ŸğŸ»ğŸ‰ğŸ¥³        #edabolat ğŸ‘°ğŸ’—ğŸ’¯ #SenÃ‡alKapimiğŸ¥³ğŸ¥³ #HandeErÃ§elâœ¨ğŸ’ğŸ‘° #KeremBÃ¼rsin ğŸ¤– ğŸ¤µ https://t.co/SJ1qjwtBGy","ğŸŒŸ â“…â“„â’¼â“„â’½â“Šâ’· ğŸŒŸ
âœ¨ (Boosted) Roselia â™‚ï¸ (27:41)
MOVES: Razor Leaf / Sludge Bomb
IV: ğŸ’¯ (15/15/15) CP: 534 LVL: 10
ğŸ‡ºğŸ‡¸ Warner Robins, United States
32.634572,-83.651592
#ShinyCheck - more coords &gt;&gt; @pogohubofficial","ğŸŒŸ â“…â“„â’¼â“„â’½â“Šâ’· ğŸŒŸ
âœ¨ (Boosted) Meditite â™€ï¸ (22:09)
MOVES: Confusion / Ice Punch
IV: ğŸ’¯ (15/15/15) CP: 475 LVL: 24
ğŸ‡µğŸ‡« Papeete, French Polynesia
-17.544655,-149.580667
#ShinyCheck - more coords &gt;&gt; @pogohubofficial","51.53133, -0.12151
Nincada ğŸ’¯cp106 #ShinyCheck",Well deserved ğŸ’¯ https://t.co/V4czLHpBKS,Re locoos la pasamos mejorrrğŸ’¯,ğŸ’¯ğŸ’¯ğŸ’¯ğŸ’¯ https://t.co/VQX1smA60e,ğŸ’¯ğŸ’¯ğŸ’¯ğŸ’ƒğŸ¿ğŸ˜ https://t.co/UyMH5fNR52,Vean la promociÃ³n que tenemos hoy y maÃ±ana ğŸ’¯ğŸ“¦ğŸ¤©ğŸ˜. https://t.co/DGGFxmsqAi,I might be on you for a minute but once Iâ€™m off you there ainâ€™t no going back ğŸ˜­ğŸ’¯,Stop texting an calling ppl first bet u wont hear frm them nmğŸ’¯ğŸ‘ŒğŸ¾,Otdns ğŸ’¯ğŸ™‡ğŸ½â€â™€ï¸ https://t.co/yaBEL5W9lZ,Dam 1 month too ğŸ’”ğŸ’¯,ğŸ’¯ https://t.co/1FwK6rBNWG,Mcgregor Madness tonight ğŸ’¯ğŸ‘ŠğŸ‘‘â˜˜ï¸,MdsğŸ’¯ https://t.co/ggFIuTYxjc,3 months ğŸ‘ŒğŸ¼ gracias a dios ğŸ’¯ https://t.co/OdfwNHrK01,"âœ¨ Spheal âœ¨ â™€ï¸
IV: ğŸ’¯ ( 15/15/15 ) CP: 852 LVL: 32
Dsp IN: (22:27)
45.021562,-93.469753
#PogoConnection",Wish He Would Of Got A Ring He Deserves It ğŸ¤¦ğŸ¾â€â™‚ï¸ğŸ’¯ğŸ’ªğŸ¾ https://t.co/Ul7fYxK7X5,Im just ready to see my bank account numbers tripling ğŸ’¯ I love money,Jeje pero mira el tuit de rusiatoday con Putin y sus perritos awwwww ğŸ˜ğŸ’¯ğŸ¤™ğŸ» https://t.co/EWcDnEBtJ1,Uhummm aprendi a jogar sinuca no rolÃª ğŸ’¯ https://t.co/f3dz1jnpvE,ğŸ’™ğŸ’™ğŸ’™ğŸ’™ğŸ’™ğŸ’™ğŸ’™ğŸ’™ğŸ’™ğŸ’™ğŸ’™ğŸ’™ğŸ’™ğŸ’™ğŸ’™ğŸ’™ğŸ’™ğŸ’™ğŸ’™ğŸ’™ğŸ’™ğŸ’™ğŸ’™ğŸ’™ğŸ’™ğŸ’¯ https://t.co/ZZP3GJmcJk,You can do what you want when you got moneyğŸ’¯,All it take is 1 mistake &amp; it ah cost ya life ğŸ’¯,"æ˜¨æ—¥ã®é…”ã£ã±ã‚‰ã„ã­ã“ã“ã¯ã¡ã‚ƒã‚“ã¨SSã‚’æ’®ã£ã¦ã¦ãã‚ŒãŸã¿ãŸã„ãªã®ã§è¨˜æ†¶ã®ä¿®å¾©ãŒå®Œäº†ã—ãŸ( ï½¥Â´ï½°ï½¥ï½€)
ãˆã‚‰ã„ã£ï¼ğŸ’¯","51.47394, -0.10943
Nincada ğŸ’¯cp549 #ShinyCheck",Mfs be odd bro ğŸ¤£ I swear ğŸ’¯,Iâ€™m not satisfied with what I got but Iâ€™m grateful ğŸ’¯,College is college it doesnâ€™t matter what college you go to you did that ğŸ‘ğŸ¾ğŸ‘ğŸ¾ğŸ‘ğŸ¾ğŸ‘ğŸ¾ğŸ‘ğŸ¾ğŸ‘ğŸ¾ğŸ‘ğŸ¾ğŸ‘ğŸ¾ğŸ’¯ https://t.co/uJBcwo16bX,ğŸ’¯ğŸ’¯ğŸ’¯ https://t.co/02LMWNFw2T,Ion get enough support. They gon regret Dat ğŸ’¯âœ…ğŸ¥±,Listen this phone gotta go ğŸ’¯ğŸ˜,Fresh start of all parties thank you Stafford! ğŸ’¯ https://t.co/VMQXVGf5eu,"l'amour &gt; covid 
sans amour, nous serions perdus ğŸ’¯ Quelles choses vous apportent l'amour en ces temps?
#Covid_19 #amour #love https://t.co/k5Yc3L8fk2",Como todo buen Catracho y ya con todo el apetito recuperado al ğŸ’¯ #pollitocontajadas y unas #baleadas ğŸ½ğŸ˜‹ @ Washington D.C. https://t.co/r2kbFR9mJs,La birrita en el patioğŸ¤¤ğŸ’¯,ğŸ’¯ğŸš¦ https://t.co/pHezz5p8Eb,ğŸ’¯ https://t.co/BJrqlySh24,ğŸ’¯ https://t.co/SujCtkbvKD,â€œI tell u Iâ€™m good cuz if I ainâ€™t u ainâ€™t goin do shitâ€ğŸ’¯ @YGTECK_AFTM,ğŸ’¯% ğŸ‘‡ğŸ» https://t.co/BkrJl18s14,das wort clubhouse mutenğŸ™ğŸ’¯,El fernecito en el balcÃ³n con mÃ­ hermanoâ¤ï¸ğŸ’¯,send that boy matthew stafford to the patriots ğŸ’¯,Just caught up with everything and I ain't talking homework ğŸ’¯,"BIENVENIDAS MIS TAN ESPERADAS VACACIONES ğŸ’“ğŸ¥³ 

Quiero llegar y abrazar a mi hijo. Una semana no recompensa todo mi tiempo perdido con Ã©l pero voy a disfrutarlo al ğŸ’¯",The problem is. Everyone in their starting 5 are offensive superstars but defensive liabilities... and the Cavs beating them twice in the same week proved thatğŸ’¯ https://t.co/tJyR4FgAp9,"â”â”â”â”â”â”â”â”â”
ğŸ’™ *_TEAMâ“‚YSTiCğŸ’™ARG_*ğŸ’™
â”â”â”â”â”â”â”â”â”
âœ¨ ğŸ¦ *GROUDON* ğŸ¦âœ¨
*POTENCIADO/BOOSTED*
ğŸ’¯=2ï¸âƒ£9ï¸âƒ£3ï¸âƒ£9ï¸âƒ£

*GYM 1: JUEGOS DE PLAZA*
*ğŸ‡¦ğŸ‡· GYM EX* ğŸ‡¦ğŸ‡·
â³ *_1ra Ronda_: 20:55 // xx:55*
*CC GYM:*
-34.544187,-58.476998
#ExRaids","â”â”â”â”â”â”â”â”â”
     ğŸ’™ *_TEAMâ“‚YSTiCğŸ’™ARG_*ğŸ’™
                â”â”â”â”â”â”â”â”â”

  âœ¨ ğŸ¦ *GROUDON* ğŸ¦âœ¨

       *POTENCIADO/BOOSTED*

      ğŸ’¯=  2ï¸âƒ£9ï¸âƒ£3ï¸âƒ£9ï¸âƒ£

*GYM 1: JUEGOS DE PLAZA*

*ğŸ‡¦ğŸ‡· GYM EX* ğŸ‡¦ğŸ‡·

â³ *_1ra Ronda_: 20:55 // xx:55*

*CC GYM:*
-34.544187,-58.476998
#ExPassGym","ğŸŒŸ â“…â“„â’¼â“„â’½â“Šâ’· ğŸŒŸ
âœ¨ (Boosted) Baltoy (XL) (27:20)
MOVES: Confusion / Gyro Ball
IV: ğŸ’¯ (15/15/15) CP: 629 LVL: 28
ğŸ‡ºğŸ‡¸ Whittingham, United States
40.285626,-74.266854
#ShinyCheck - follow us see pined link",ğŸ’¯ https://t.co/14tMAFNVuZ,"ğŸŒŸ â“…â“„â’¼â“„â’½â“Šâ’· ğŸŒŸ
âœ¨ Roselia â™€ï¸ (14:50)
MOVES: Poison Jab / Petal Blizzard
IV: ğŸ’¯ (15/15/15) CP: 139 LVL: 3
ğŸ‡«ğŸ‡· Le Mans, France
47.964941,0.225464
#ShinyCheck - follow us see pined link",Twotones &amp; Krizzy S4L https://t.co/9oG6KBsVHx via @YouTube GO SUBSCRIBE RN!!!!ğŸ’¯ğŸ’¯ğŸ’šâ¤ï¸ğŸ–¤,ğŸ˜‚ğŸ˜‚ğŸ’¯ https://t.co/fXRA8bC58U,Hit him up for your towing needs ğŸ’¯ https://t.co/h8uBX9FrZd,"Sheesh, GO CRAZY JGreen ğŸ¤ğŸ’¯ğŸ˜¤ https://t.co/yPwBg4cGk2",Love has no priceğŸ˜ğŸ¥°âœ”âœ”âœ”âœ”âœ”ğŸ’¯ğŸ’¯ğŸ’¯,Thank you God Iâ€™m gone keep saying this ğŸ˜­ğŸ™ğŸ½ğŸ’¯,"More  heat otw , iâ€™m consistent ğŸ’¯",You guys check out @OfficialJRJ_ Evolution PPV tomorrow on his channel as it will be an absolute classic! You don't want to miss it! ğŸ’¯ https://t.co/s4JjOWxYEl,"âœ¨ Aron âœ¨ ğŸ’¯% xl boosted
CP: 1139 Level: 31
ğŸ‡¦ğŸ‡º docklands ğŸ‡¦ğŸ‡º
-37.817050,144.954860

#hundo #shundo
ğ™¿ğ™¾ğ™¶ğ™¾ğ™·ğš„ğ™±
For more ğŸ”¥ğŸ”¥ğŸ”¥ coords join us on Discord see pinned link",ğŸ’¯ğŸ’¯ğŸ’¯ https://t.co/eQlY4FcghK,You should be made a priority even in the talking stageğŸ’¯,"!:$:!,&amp;/!&amp;,!/&amp;;!/&amp;,!:&amp;ğŸ’€ğŸ’€â€¼ï¸â€¼ï¸â€¼ï¸â€¼ï¸â€¼ï¸ğŸ’¯ğŸ’¯ğŸ’¯ğŸ’¯PUTAINNNNDDNBJDBDHF https://t.co/3cmbOmQAli",IWFB ALL PATRIOTS ğŸ’¯ğŸ‡ºğŸ‡¸ https://t.co/WSlx3b9xBc,ğŸ™ğŸ™ğŸ™ğŸ‘†ğŸ‘†ğŸ‘†ğŸ™ŒğŸ™ŒğŸ™Œâœï¸âœï¸âœï¸ğŸ‘ï¸ğŸ‘ï¸ğŸ‘ï¸ğŸ‘€ğŸ‘€ğŸ‘€ğŸ‘‚ğŸ‘‚ğŸ‘‚ğŸ‘…ğŸ‘…ğŸ‘…ğŸ—£ï¸ğŸ—£ï¸ğŸ—£ï¸ğŸ±ğŸ¯ğŸ…ğŸ‡³ğŸ‡¬ğŸ‡³ğŸ‡¬ğŸ‡³ğŸ‡¬ğŸ•“ğŸ•“ğŸ•“ğŸµğŸµğŸµğŸ¶ğŸ¶ğŸ¶ğŸ’¯ğŸ’¯ğŸ’¯ğŸ†˜ğŸ†˜ğŸ†˜ğŸ‰‘ğŸ‰‘ğŸ‰‘ğŸ“³ğŸ“³ğŸ“³ğŸ†”ğŸ†”ğŸ†”âœï¸âœï¸âœï¸ğŸ’—ğŸ’—ğŸ’—ğŸ’˜ğŸ’˜ğŸ’˜ğŸ§¡ğŸ§¡ğŸ§¡âœ‚ï¸âœ‚ï¸âœ‚ï¸ğŸ”ğŸ”ğŸ”ğŸ”ğŸ“ğŸ“ğŸ“ğŸ“ˆğŸ“ˆğŸ“ˆğŸ“­ğŸ“­ğŸ“­ğŸ“¯ğŸ“¯ğŸ“¯ğŸ’ŒğŸ’ŒğŸ’ŒğŸ“§ğŸ“§ğŸ“§ğŸ“©ğŸ“©ğŸ“©ğŸ›ŒğŸ›ŒğŸ›ŒğŸª‘ğŸª‘ğŸª‘â›±ï¸â›±ï¸â›±ï¸ğŸ§¹ğŸ§¹ğŸ§¹ğŸ—ï¸ğŸ—ï¸ğŸ—ï¸ğŸ©ºğŸ©ºğŸ©ºğŸ› ï¸ğŸ› ï¸ğŸ› ï¸âš™ï¸âš™ï¸âš™ï¸ğŸ”§ğŸ”§ğŸ”§ğŸ§°ğŸ§°ğŸ§°âš–ï¸âš–ï¸âš–ï¸ğŸ’ğŸ’ğŸ’ğŸª™ğŸª™ğŸª™ğŸ’³ğŸ’³ğŸ’³âŒšï¸ https://t.co/RvbNJGTTJz,ğŸ’¯ğŸ’¯ğŸ’¯ https://t.co/QC58GJc95w,"âœ¨ Basculin âœ¨ (Blue Striped) â™‚ï¸
IV: ğŸ’¯ ( 15/15/15 ) CP: 1792 LVL: 30
Dsp IN: (24:10)
40.228509,-83.365127
#PogoConnection",Point GOD. ğŸ’¯ https://t.co/0Lrtpcmq8m
